Transaction hash,Block number,Transaction index,Log index,Sender,Receiver,Value
0xe3d380b3647abee2f8e2980d8e3bf6e9a43b00a0f4a388765585df13ecefaa2e,13352962,41,85,0x21a31ee1afc51d94c2efccaa2092ad1028285549,0xd5e73f9199e67b6ff8dface1767a1bdadf1a7242,985649123680000000000
0x76bfc4b5a63574e45a96944f920e24b54cf58273ac68f6216e1ce44b167f2f68,13353254,75,79,0x21a31ee1afc51d94c2efccaa2092ad1028285549,0xd5e73f9199e67b6ff8dface1767a1bdadf1a7242,983751560550000000000
0xcf33ef2d4193ace392e7380787fe615fb366b961f5ad531a84e3fa4e23ba51ef,14062856,205,401,0xc1a900ae76db21dc5aa8e418ac0f4e888a4c7431,0xd5e73f9199e67b6ff8dface1767a1bdadf1a7242,498775213527892576841
0xdeb0052e2e1a6df59333c8f6f82c4b2f6f19ffd538c6e738e961df47c17cc9e9,14062867,33,49,0xc1a900ae76db21dc5aa8e418ac0f4e888a4c7431,0xd5e73f9199e67b6ff8dface1767a1bdadf1a7242,1225719677534440859692
0xe9d1b937efbd1fbe5bf37fd800542c26c01b03d94608cbe3c26ae7e984f2bb30,14444166,159,321,0x28c6c06298d514db089934071355e5743bf21d60,0xd5e73f9199e67b6ff8dface1767a1bdadf1a7242,7481251874060000000000
0x2aca7df6d1ad80a6bf99396cb4dd3a6b5313bb94827e0c24cd340f0dad6e850a,14924779,104,4,0x876eabf441b2ee5b5b0554fd502a8e0600950cfa,0xd5e73f9199e67b6ff8dface1767a1bdadf1a7242,2714390000000000000000
0x6922071c936111d3fb4dcaaf3277c491b7152f20b953a7c5f7ea3eb32f4fc0be,15094944,99,13,0x876eabf441b2ee5b5b0554fd502a8e0600950cfa,0xd5e73f9199e67b6ff8dface1767a1bdadf1a7242,5080210000000000000000
0x505ee9692ad3e7bdb6de51959b2cfe4ba383ed77a3bf91a5bbb777bade9835a8,15306988,9,10,0x876eabf441b2ee5b5b0554fd502a8e0600950cfa,0xd5e73f9199e67b6ff8dface1767a1bdadf1a7242,1606620000000000000000
0xed980d97ef7b4f6f77ae93b170c08241bacb86a0a042889f7aca067b9dc77aba,15887971,21,20,0x2faf487a4414fe77e2327f0bf4ae2a264a776ad2,0xd5e73f9199e67b6ff8dface1767a1bdadf1a7242,7000000000000000000000
